<?xml version="1.0" encoding="UTF-8"?><rss version="2.0"
	xmlns:content="http://purl.org/rss/1.0/modules/content/"
	xmlns:wfw="http://wellformedweb.org/CommentAPI/"
	xmlns:dc="http://purl.org/dc/elements/1.1/"
	xmlns:atom="http://www.w3.org/2005/Atom"
	xmlns:sy="http://purl.org/rss/1.0/modules/syndication/"
	xmlns:slash="http://purl.org/rss/1.0/modules/slash/"
	>

<channel>
	<title>dicas - FoodCraft</title>
	<atom:link href="/categoria/dicas/feed/" rel="self" type="application/rss+xml" />
	<link>/</link>
	<description>Receitas pra você!</description>
	<lastBuildDate>Sun, 05 May 2024 06:25:52 +0000</lastBuildDate>
	<language>pt-BR</language>
	<sy:updatePeriod>
	hourly	</sy:updatePeriod>
	<sy:updateFrequency>
	1	</sy:updateFrequency>
	<generator>https://wordpress.org/?v=6.5.3</generator>

<image>
	<url>/wp-content/uploads/2024/05/Craftfood-logo-favcon.svg</url>
	<title>dicas - FoodCraft</title>
	<link>/</link>
	<width>32</width>
	<height>32</height>
</image> 
	<item>
		<title>Comer alho em jejum ajuda a emagrecer? Especialista explica os benefícios e riscos</title>
		<link>/comer-alho-em-jejum-ajuda-a-emagrecer-especialista-explica-os-beneficios-e-riscos/?utm_source=rss#038;utm_medium=rss&#038;utm_campaign=comer-alho-em-jejum-ajuda-a-emagrecer-especialista-explica-os-beneficios-e-riscos</link>
					<comments>/comer-alho-em-jejum-ajuda-a-emagrecer-especialista-explica-os-beneficios-e-riscos/#respond</comments>
		
		<dc:creator><![CDATA[CraftFood]]></dc:creator>
		<pubDate>Sun, 05 May 2024 06:18:37 +0000</pubDate>
				<category><![CDATA[Artigos]]></category>
		<category><![CDATA[dicas]]></category>
		<guid isPermaLink="false">/?p=6492</guid>

					<description><![CDATA[<p>A dieta potencializa o processo de perda de peso, mas não deve ser utilizada por quem tem refluxo gastresofágico e gastrite Depois da dieta do limão, paleolítico e jejum intermitente, vem aí o alho amassado. O novo método, compartilhado por famosas como Carol Peixinho, se tornou um aliado para quem buscar perder peso de forma [&#8230;]</p>
<p>The post <a href="/comer-alho-em-jejum-ajuda-a-emagrecer-especialista-explica-os-beneficios-e-riscos/">Comer alho em jejum ajuda a emagrecer? Especialista explica os benefícios e riscos</a> first appeared on <a href="/">FoodCraft</a>.</p>]]></description>
										<content:encoded><![CDATA[<p>A dieta potencializa o processo de perda de peso, mas não deve ser utilizada por quem tem refluxo gastresofágico e gastrite</p>



<p>Depois da dieta do limão, paleolítico e jejum intermitente, vem aí o alho amassado. O novo método, compartilhado por famosas como Carol Peixinho, se tornou um aliado para quem buscar perder peso de forma rápida&#8230;&nbsp;<strong>Mas será que isso funciona mesmo ou é mais um mito da internet?</strong></p>



<p>A resposta é:&nbsp;<strong>sim, consumir o alimento em jejum, de fato, traz este benefício</strong>, mas ele não faz milagres sozinho. A nutricionista e personal trainer&nbsp;<strong>Aline Becker</strong>&nbsp;explica que ele deve ser considerado um “a mais”:</p>



<p>“Você precisa incluir na rotina os exercícios físicos, de preferência contra resistência – como musculação ou funcional –, para aumentar sua massa muscular corporal, acelerando seu metabolismo e garantindo benefícios a saúde, junto com uma dieta anti-inflamatória e hipocalórica para acontecer a queima de gordura.”</p>



<p><strong>Explicando as dietas&#8230;</strong></p>



<ul>
<li>A <strong>anti-inflamatória</strong>, na verdade, é uma estratégia alimentar que inclui alimentos considerando variedade de cores, nutrientes e minerais para que esta oferta nutricional melhore o funcionamento do corpo, de modo geral, na produção de hormônios, no funcionamento do intestino, na melhora da imunidade e nas respostas da dieta.</li>



<li>A <strong>hipocalórica</strong> consiste em uma restrição calórica, ou seja, consumir menos calorias do que você gasta por dia: “Essa é a matemática que a gente tem que pensar na hora do emagrecimento. Ele não é o único fator para o emagrecimento, mas é um fator determinante”.</li>
</ul>



<h2 class="wp-block-heading">Como funciona a dieta?</h2>



<p>Segundo a nutricionista, há estudos que comprovam que alho consumido em jejum pode ajudar a reduzir a glicemia, ou seja, o nível de glicose no sangue, “fazendo com que o indivíduo sinta menos fome e vontade de doce ao longo do dia e, consequentemente, ingerindo menos calorias e toxidade ao organismo”.</p>



<p>Para aproveitar suas vantagens,&nbsp;<strong>o alimento deve ser consumido em jejum e cru</strong>: até mesmo aquecê-lo no micro-ondas pode fazer com ele perca alguns componentes importantes, como a alicina. “Ele é o principal ativo responsável pelas propriedades medicinais do alho, que potencializa seus efeitos antioxidantes no organismo e garante os resultados”.&nbsp;<strong>Outra dica é amassar o alho e esperar 10 minutos para que este ativo seja liberado e, assim, garantir as vantagens.</strong></p>



<h2 class="wp-block-heading">Outros benefícios</h2>



<p>Associado a um estilo de vida saudável, a especialista afirma que o alho também atua na melhora da saúde cardiovascular e redução da pressão arterial. Além disso, ele possui efeito antioxidante, o que ajuda a melhorar a saúde da microbiota intestinal e, portanto, potencializa a queima de gordura. E ele tem mais vantagens, como:</p>



<ul>
<li>Melhora do perfil lipídico (exame que analisa os níveis de colesterol e triglicerídeos)</li>



<li>Níveis de glicemia de jejum</li>



<li>Qualidade da saúde intestinal</li>



<li>Reduz o colesterol LDL (o chamado “colesterol ruim”) e total</li>



<li>Previne doenças como câncer, Alzheimer e Parkinson</li>



<li>Minimiza o risco de AVC, trombose e doenças neurodegenerativas!</li>



<li>Melhora a imunidade, diminuindo riscos de gripes e resfriados</li>
</ul>



<figure class="wp-block-image"><img decoding="async" src="https://s2-receitas.glbimg.com/e6GY32QXw_Oew1Ve3o0-y3l7q6k=/0x0:984x655/984x0/smart/filters:strip_icc()/i.s3.glbimg.com/v1/AUTH_1f540e0b94d8437dbbc39d567a1dee68/internal_photos/bs/2020/Z/M/GGCiNRQuAG2yeNkdfJug/alho-em-conserva.jpeg" alt="Alho  — Foto: Reprodução da Internet"/></figure>



<p>Alho — Foto: Reprodução da Internet</p>



<h2 class="wp-block-heading">Riscos e cuidados</h2>



<p>Mas, como qualquer método de emagrecimento, este também apresenta riscos, não pode ser consumido por qualquer pessoa e nem em quantidade ilimitada. Aqui, Aline Becker lista alguns mitos e verdades sobre o consumo do alho amassado em jejum:</p>



<p><strong>Consumir alho amassado e cru em jejum garante maiores resultados?</strong>&nbsp;<strong>Verdade!&nbsp;</strong>Como dito anteriormente, quando aquecido, o alimento perde alguns nutrientes.</p>



<p><strong>Alho ajuda a reduzir os efeitos da TPM? Verdade!</strong>&nbsp;Isso acontece porque ele tem efeito anti-inflamatório e melhora a microbiota intestinal: “Deixando-a saudável, a pessoa tem melhor produção de serotonina (neurotransmissor da alegria) e, consequentemente, uma melhora no humor durante esse período”.</p>



<p><strong>O alho deve ser consumido em quantidade limitada? Verdade!</strong>&nbsp;A nutricionista explica que, em excesso, o alimento “pode irritar a mucosa, causando desconforto e irritação gástrica”. A recomendação é incluir 3 dentes de alho por dia na rotina, sendo 6 o limite diário.</p>



<p><strong>Qualquer um pode entrar nesta dieta? Mito!&nbsp;</strong>A expert destaca que pessoas com refluxo gastresofágico e gastrite não toleram o alho em grandes quantidades, pois as substâncias podem ter efeito irritativo na mucosa: “Pessoas com intolerância ao FODMAP também devem evitar, pois pode ocasionar distensão abdominal, constipação ou até diarreia, levando a uma inflamação”.</p>



<ul>
<li>FODMAP é uma sigla em inglês para oligossacarídeos, dissacarídeos, monossacarídeos e polióis fermentáveis. O termo se refere aos carboidratos que fermentam as bactérias do intestino e que tendem a causar mais desconforto abdominal, além de ter uma “probabilidade maior de distensão abdominal, excesso de gases, constipação intestinal ou até mesmo de diarreia – justamente por causa dessa rápida fermentação que acontece nas bactérias do intestino”, explica Aline.</li>
</ul>



<figure class="wp-block-image"><img decoding="async" src="https://s2-receitas.glbimg.com/7QLXYZ7jEutVxHrfPoi3ZRadnqQ=/0x0:1332x749/984x0/smart/filters:strip_icc()/i.s3.glbimg.com/v1/AUTH_1f540e0b94d8437dbbc39d567a1dee68/internal_photos/bs/2024/Y/X/VRKOcfSHGtuG5smGIMAQ/alho.jpg" alt="Alho — Foto: Reprodução/Unsplash"/></figure>



<p>Alho — Foto: Reprodução/Unsplash</p><p>The post <a href="/comer-alho-em-jejum-ajuda-a-emagrecer-especialista-explica-os-beneficios-e-riscos/">Comer alho em jejum ajuda a emagrecer? Especialista explica os benefícios e riscos</a> first appeared on <a href="/">FoodCraft</a>.</p>]]></content:encoded>
					
					<wfw:commentRss>/comer-alho-em-jejum-ajuda-a-emagrecer-especialista-explica-os-beneficios-e-riscos/feed/</wfw:commentRss>
			<slash:comments>0</slash:comments>
		
		
			</item>
	</channel>
</rss>
