<?xml version="1.0" encoding="UTF-8"?><rss version="2.0"
	xmlns:content="http://purl.org/rss/1.0/modules/content/"
	xmlns:wfw="http://wellformedweb.org/CommentAPI/"
	xmlns:dc="http://purl.org/dc/elements/1.1/"
	xmlns:atom="http://www.w3.org/2005/Atom"
	xmlns:sy="http://purl.org/rss/1.0/modules/syndication/"
	xmlns:slash="http://purl.org/rss/1.0/modules/slash/"
	>

<channel>
	<title>Artigos - FoodCraft</title>
	<atom:link href="/categoria/artigos/feed/" rel="self" type="application/rss+xml" />
	<link>/</link>
	<description>Receitas pra você!</description>
	<lastBuildDate>Sun, 05 May 2024 07:05:25 +0000</lastBuildDate>
	<language>pt-BR</language>
	<sy:updatePeriod>
	hourly	</sy:updatePeriod>
	<sy:updateFrequency>
	1	</sy:updateFrequency>
	<generator>https://wordpress.org/?v=6.5.3</generator>

<image>
	<url>/wp-content/uploads/2024/05/Craftfood-logo-favcon.svg</url>
	<title>Artigos - FoodCraft</title>
	<link>/</link>
	<width>32</width>
	<height>32</height>
</image> 
	<item>
		<title>Psyllium: saiba o que é, para que serve e como consumir</title>
		<link>/psyllium-saiba-o-que-e-para-que-serve-e-como-consumir/?utm_source=rss#038;utm_medium=rss&#038;utm_campaign=psyllium-saiba-o-que-e-para-que-serve-e-como-consumir</link>
					<comments>/psyllium-saiba-o-que-e-para-que-serve-e-como-consumir/#respond</comments>
		
		<dc:creator><![CDATA[CraftFood]]></dc:creator>
		<pubDate>Sun, 05 May 2024 06:22:35 +0000</pubDate>
				<category><![CDATA[Artigos]]></category>
		<guid isPermaLink="false">/?p=6491</guid>

					<description><![CDATA[<p>Você sabe o que é psyllium e para que serve a fibra solúvel? Nutricionista explica os benefícios do psyllium para a saúde e como tomar no dia a dia O psyllium é uma fibra solúvel&#160;extraída das cascas das sementes da planta&#160;Plantago ovata&#160;e costuma ser encontrado em cápsulas, em pó ou farinha. O&#160;psyllium é um poderoso [&#8230;]</p>
<p>The post <a href="/psyllium-saiba-o-que-e-para-que-serve-e-como-consumir/">Psyllium: saiba o que é, para que serve e como consumir</a> first appeared on <a href="/">FoodCraft</a>.</p>]]></description>
										<content:encoded><![CDATA[<p>Você sabe o que é psyllium e para que serve a fibra solúvel? Nutricionista explica os benefícios do psyllium para a saúde e como tomar no dia a dia</p>



<p><strong>O psyllium é uma fibra solúvel</strong>&nbsp;extraída das cascas das sementes da planta&nbsp;<em>Plantago ovata</em>&nbsp;e costuma ser encontrado em cápsulas, em pó ou farinha. O<strong>&nbsp;psyllium é um poderoso aliado da saúde, já que controla o&nbsp;</strong><a href="https://receitas.globo.com/blog/alimentacao-e-saude/alimentos-que-controlam-o-colesterol-alto-sardinha-chia-e-maca-sao-aliados.ghtml"><strong>colesterol</strong></a><strong>&nbsp;e a diabetes, e melhora o funcionamento do intestino</strong>. Mas como consumir? Qual a quantidade diária ideal? A seguir, descubra tudo sobre o psyllium!</p>



<figure class="wp-block-image"><img decoding="async" src="https://s2-receitas.glbimg.com/_kpE1bYyHtZ5EMYXgu6mtSeX9Ko=/0x0:900x600/984x0/smart/filters:strip_icc()/i.s3.glbimg.com/v1/AUTH_1f540e0b94d8437dbbc39d567a1dee68/internal_photos/bs/2024/F/V/grADJQQCCP1BvBCt1cPw/psyllium-o-que-e.jpg" alt="Psyllium: saiba o que é e para que serve — Foto: Shutterstock"/></figure>



<p>Psyllium: saiba o que é e para que serve — Foto: Shutterstock</p>



<h2 class="wp-block-heading">Benefícios do psyllium</h2>



<p>O psyllium é excelente para controlar o colesterol alto.&nbsp;<strong>Camila Monteiro</strong>, nutricionista e biomédica, explica que a fibra solúvel capta as moléculas de gordura da corrente sanguínea que estão em excesso. Já no controle de diabetes, evita os picos de glicose no sangue e faz com que a insulina seja liberada de forma mais lenta.</p>



<p>Além disso,&nbsp;<strong>o psyllium hidrata as fezes e ajuda na motilidade do intestino</strong>. Ou seja, ele auxilia nos quadros de quem tem o&nbsp;<a href="https://receitas.globo.com/blog/alimentacao-e-saude/alimentos-que-soltam-o-intestino.ghtml">intestino preso</a>.</p>



<h2 class="wp-block-heading">Psyllium emagrece?</h2>



<figure class="wp-block-image"><img decoding="async" src="https://s2-receitas.glbimg.com/x25yn7fhRHhuuMakTlCJ9DmpzcM=/0x0:900x600/984x0/smart/filters:strip_icc()/i.s3.glbimg.com/v1/AUTH_1f540e0b94d8437dbbc39d567a1dee68/internal_photos/bs/2024/y/e/q0igmySwW9gPFfRMvTUg/psyllium-para-que-serve.jpg" alt="O psyllium controla o colesterol e a diabetes — Foto: Shutterstock"/></figure>



<p>O psyllium controla o colesterol e a diabetes — Foto: Shutterstock</p>



<p>Por aumentar a saciedade no organismo,&nbsp;<strong>o psyllium pode contribuir para o emagrecimento</strong>: &#8220;Ao se dissolver, ele forma uma massa viscosa, como se fosse um gel, e promove saciedade, mantendo esse alimento por mais tempo no estômago. Você estando mais satisfeito, come menos.&#8221;</p>



<p><strong>No entanto, nenhum alimento sozinho é capaz de promover o emagrecimento de maneira isolada. A melhor forma de emagrecer de maneira saudável é com uma uma dieta equilibrada, orientada por um nutricionista.</strong></p>



<h2 class="wp-block-heading">Como tomar</h2>



<figure class="wp-block-image"><img decoding="async" src="https://s2-receitas.glbimg.com/DlRNOKdRhlbExAEgTVHmumIew8s=/0x0:900x601/984x0/smart/filters:strip_icc()/i.s3.glbimg.com/v1/AUTH_1f540e0b94d8437dbbc39d567a1dee68/internal_photos/bs/2024/7/5/3BpG1kRhGBAZMyxGjdng/psyllium.jpg" alt="Nutricionista diz que a melhor maneira de tomar o psyllium é antes das refeições — Foto: Shutterstock"/></figure>



<p>Nutricionista diz que a melhor maneira de tomar o psyllium é antes das refeições — Foto: Shutterstock</p>



<p>A nutricionista e biomédica diz que&nbsp;<strong>a melhor maneira de tomar o psyllium é antes das refeições</strong>, sempre bebendo água. &#8220;Ele precisa da água para exercer a sua função&#8221;, acrescenta a especialista.</p>



<p>A recomendação de uso é de duas a três vezes ao dia, antes das principais refeições: café da manhã, almoço e jantar.</p>



<p><strong>Lembre-se de procurar um nutricionista e um médico para ter um plano alimentar de acordo com as suas necessidades individuais e preferências alimentares</strong>. Pessoas com sensibilidade aos componentes e problemas gastrointestinais, gestantes e lactantes, por exemplo, precisam de cuidados especiais.</p><p>The post <a href="/psyllium-saiba-o-que-e-para-que-serve-e-como-consumir/">Psyllium: saiba o que é, para que serve e como consumir</a> first appeared on <a href="/">FoodCraft</a>.</p>]]></content:encoded>
					
					<wfw:commentRss>/psyllium-saiba-o-que-e-para-que-serve-e-como-consumir/feed/</wfw:commentRss>
			<slash:comments>0</slash:comments>
		
		
			</item>
		<item>
		<title>Comer alho em jejum ajuda a emagrecer? Especialista explica os benefícios e riscos</title>
		<link>/comer-alho-em-jejum-ajuda-a-emagrecer-especialista-explica-os-beneficios-e-riscos/?utm_source=rss#038;utm_medium=rss&#038;utm_campaign=comer-alho-em-jejum-ajuda-a-emagrecer-especialista-explica-os-beneficios-e-riscos</link>
					<comments>/comer-alho-em-jejum-ajuda-a-emagrecer-especialista-explica-os-beneficios-e-riscos/#respond</comments>
		
		<dc:creator><![CDATA[CraftFood]]></dc:creator>
		<pubDate>Sun, 05 May 2024 06:18:37 +0000</pubDate>
				<category><![CDATA[Artigos]]></category>
		<category><![CDATA[dicas]]></category>
		<guid isPermaLink="false">/?p=6492</guid>

					<description><![CDATA[<p>A dieta potencializa o processo de perda de peso, mas não deve ser utilizada por quem tem refluxo gastresofágico e gastrite Depois da dieta do limão, paleolítico e jejum intermitente, vem aí o alho amassado. O novo método, compartilhado por famosas como Carol Peixinho, se tornou um aliado para quem buscar perder peso de forma [&#8230;]</p>
<p>The post <a href="/comer-alho-em-jejum-ajuda-a-emagrecer-especialista-explica-os-beneficios-e-riscos/">Comer alho em jejum ajuda a emagrecer? Especialista explica os benefícios e riscos</a> first appeared on <a href="/">FoodCraft</a>.</p>]]></description>
										<content:encoded><![CDATA[<p>A dieta potencializa o processo de perda de peso, mas não deve ser utilizada por quem tem refluxo gastresofágico e gastrite</p>



<p>Depois da dieta do limão, paleolítico e jejum intermitente, vem aí o alho amassado. O novo método, compartilhado por famosas como Carol Peixinho, se tornou um aliado para quem buscar perder peso de forma rápida&#8230;&nbsp;<strong>Mas será que isso funciona mesmo ou é mais um mito da internet?</strong></p>



<p>A resposta é:&nbsp;<strong>sim, consumir o alimento em jejum, de fato, traz este benefício</strong>, mas ele não faz milagres sozinho. A nutricionista e personal trainer&nbsp;<strong>Aline Becker</strong>&nbsp;explica que ele deve ser considerado um “a mais”:</p>



<p>“Você precisa incluir na rotina os exercícios físicos, de preferência contra resistência – como musculação ou funcional –, para aumentar sua massa muscular corporal, acelerando seu metabolismo e garantindo benefícios a saúde, junto com uma dieta anti-inflamatória e hipocalórica para acontecer a queima de gordura.”</p>



<p><strong>Explicando as dietas&#8230;</strong></p>



<ul>
<li>A <strong>anti-inflamatória</strong>, na verdade, é uma estratégia alimentar que inclui alimentos considerando variedade de cores, nutrientes e minerais para que esta oferta nutricional melhore o funcionamento do corpo, de modo geral, na produção de hormônios, no funcionamento do intestino, na melhora da imunidade e nas respostas da dieta.</li>



<li>A <strong>hipocalórica</strong> consiste em uma restrição calórica, ou seja, consumir menos calorias do que você gasta por dia: “Essa é a matemática que a gente tem que pensar na hora do emagrecimento. Ele não é o único fator para o emagrecimento, mas é um fator determinante”.</li>
</ul>



<h2 class="wp-block-heading">Como funciona a dieta?</h2>



<p>Segundo a nutricionista, há estudos que comprovam que alho consumido em jejum pode ajudar a reduzir a glicemia, ou seja, o nível de glicose no sangue, “fazendo com que o indivíduo sinta menos fome e vontade de doce ao longo do dia e, consequentemente, ingerindo menos calorias e toxidade ao organismo”.</p>



<p>Para aproveitar suas vantagens,&nbsp;<strong>o alimento deve ser consumido em jejum e cru</strong>: até mesmo aquecê-lo no micro-ondas pode fazer com ele perca alguns componentes importantes, como a alicina. “Ele é o principal ativo responsável pelas propriedades medicinais do alho, que potencializa seus efeitos antioxidantes no organismo e garante os resultados”.&nbsp;<strong>Outra dica é amassar o alho e esperar 10 minutos para que este ativo seja liberado e, assim, garantir as vantagens.</strong></p>



<h2 class="wp-block-heading">Outros benefícios</h2>



<p>Associado a um estilo de vida saudável, a especialista afirma que o alho também atua na melhora da saúde cardiovascular e redução da pressão arterial. Além disso, ele possui efeito antioxidante, o que ajuda a melhorar a saúde da microbiota intestinal e, portanto, potencializa a queima de gordura. E ele tem mais vantagens, como:</p>



<ul>
<li>Melhora do perfil lipídico (exame que analisa os níveis de colesterol e triglicerídeos)</li>



<li>Níveis de glicemia de jejum</li>



<li>Qualidade da saúde intestinal</li>



<li>Reduz o colesterol LDL (o chamado “colesterol ruim”) e total</li>



<li>Previne doenças como câncer, Alzheimer e Parkinson</li>



<li>Minimiza o risco de AVC, trombose e doenças neurodegenerativas!</li>



<li>Melhora a imunidade, diminuindo riscos de gripes e resfriados</li>
</ul>



<figure class="wp-block-image"><img decoding="async" src="https://s2-receitas.glbimg.com/e6GY32QXw_Oew1Ve3o0-y3l7q6k=/0x0:984x655/984x0/smart/filters:strip_icc()/i.s3.glbimg.com/v1/AUTH_1f540e0b94d8437dbbc39d567a1dee68/internal_photos/bs/2020/Z/M/GGCiNRQuAG2yeNkdfJug/alho-em-conserva.jpeg" alt="Alho  — Foto: Reprodução da Internet"/></figure>



<p>Alho — Foto: Reprodução da Internet</p>



<h2 class="wp-block-heading">Riscos e cuidados</h2>



<p>Mas, como qualquer método de emagrecimento, este também apresenta riscos, não pode ser consumido por qualquer pessoa e nem em quantidade ilimitada. Aqui, Aline Becker lista alguns mitos e verdades sobre o consumo do alho amassado em jejum:</p>



<p><strong>Consumir alho amassado e cru em jejum garante maiores resultados?</strong>&nbsp;<strong>Verdade!&nbsp;</strong>Como dito anteriormente, quando aquecido, o alimento perde alguns nutrientes.</p>



<p><strong>Alho ajuda a reduzir os efeitos da TPM? Verdade!</strong>&nbsp;Isso acontece porque ele tem efeito anti-inflamatório e melhora a microbiota intestinal: “Deixando-a saudável, a pessoa tem melhor produção de serotonina (neurotransmissor da alegria) e, consequentemente, uma melhora no humor durante esse período”.</p>



<p><strong>O alho deve ser consumido em quantidade limitada? Verdade!</strong>&nbsp;A nutricionista explica que, em excesso, o alimento “pode irritar a mucosa, causando desconforto e irritação gástrica”. A recomendação é incluir 3 dentes de alho por dia na rotina, sendo 6 o limite diário.</p>



<p><strong>Qualquer um pode entrar nesta dieta? Mito!&nbsp;</strong>A expert destaca que pessoas com refluxo gastresofágico e gastrite não toleram o alho em grandes quantidades, pois as substâncias podem ter efeito irritativo na mucosa: “Pessoas com intolerância ao FODMAP também devem evitar, pois pode ocasionar distensão abdominal, constipação ou até diarreia, levando a uma inflamação”.</p>



<ul>
<li>FODMAP é uma sigla em inglês para oligossacarídeos, dissacarídeos, monossacarídeos e polióis fermentáveis. O termo se refere aos carboidratos que fermentam as bactérias do intestino e que tendem a causar mais desconforto abdominal, além de ter uma “probabilidade maior de distensão abdominal, excesso de gases, constipação intestinal ou até mesmo de diarreia – justamente por causa dessa rápida fermentação que acontece nas bactérias do intestino”, explica Aline.</li>
</ul>



<figure class="wp-block-image"><img decoding="async" src="https://s2-receitas.glbimg.com/7QLXYZ7jEutVxHrfPoi3ZRadnqQ=/0x0:1332x749/984x0/smart/filters:strip_icc()/i.s3.glbimg.com/v1/AUTH_1f540e0b94d8437dbbc39d567a1dee68/internal_photos/bs/2024/Y/X/VRKOcfSHGtuG5smGIMAQ/alho.jpg" alt="Alho — Foto: Reprodução/Unsplash"/></figure>



<p>Alho — Foto: Reprodução/Unsplash</p><p>The post <a href="/comer-alho-em-jejum-ajuda-a-emagrecer-especialista-explica-os-beneficios-e-riscos/">Comer alho em jejum ajuda a emagrecer? Especialista explica os benefícios e riscos</a> first appeared on <a href="/">FoodCraft</a>.</p>]]></content:encoded>
					
					<wfw:commentRss>/comer-alho-em-jejum-ajuda-a-emagrecer-especialista-explica-os-beneficios-e-riscos/feed/</wfw:commentRss>
			<slash:comments>0</slash:comments>
		
		
			</item>
		<item>
		<title>Receitas com limão: 10 opções salgadas e doces com a fruta</title>
		<link>/receitas-com-limao-10-opcoes-salgadas-e-doces-com-a-fruta/?utm_source=rss#038;utm_medium=rss&#038;utm_campaign=receitas-com-limao-10-opcoes-salgadas-e-doces-com-a-fruta</link>
					<comments>/receitas-com-limao-10-opcoes-salgadas-e-doces-com-a-fruta/#respond</comments>
		
		<dc:creator><![CDATA[CraftFood]]></dc:creator>
		<pubDate>Sun, 05 May 2024 06:15:12 +0000</pubDate>
				<category><![CDATA[Artigos]]></category>
		<category><![CDATA[Com limão]]></category>
		<guid isPermaLink="false">/?p=6487</guid>

					<description><![CDATA[<p>Versátil, o limão pode ser base de sobremesas e incrementar pratos do dia a dia: lista traz sugestões de receitas para aproveitar a fruta; veja Torta de limão — Foto: Receitas O limão é um ingrediente queridinho dos brasileiros. Versátil, a&#160;fruta auxilia na limpeza na doméstica, a temperar a comida, é a estrela principal da&#160;caipirinha&#160;e [&#8230;]</p>
<p>The post <a href="/receitas-com-limao-10-opcoes-salgadas-e-doces-com-a-fruta/">Receitas com limão: 10 opções salgadas e doces com a fruta</a> first appeared on <a href="/">FoodCraft</a>.</p>]]></description>
										<content:encoded><![CDATA[<p>Versátil, o limão pode ser base de sobremesas e incrementar pratos do dia a dia: lista traz sugestões de receitas para aproveitar a fruta; veja</p>



<figure class="wp-block-image"><img decoding="async" src="https://s2-receitas.glbimg.com/y75X43YL0a3rJz3Pguil8rlSAaM=/0x0:1280x800/984x0/smart/filters:strip_icc()/i.s3.glbimg.com/v1/AUTH_1f540e0b94d8437dbbc39d567a1dee68/internal_photos/bs/2021/S/L/J3y2iFRNigmIEYBd1awA/torta-de-limao-receita-2.jpg" alt="Torta de limão — Foto: Receitas"/></figure>



<p>Torta de limão — Foto: Receitas</p>



<p>O limão é um ingrediente queridinho dos brasileiros. Versátil, a&nbsp;<a href="https://receitas.globo.com/receitas-da-tv/mais-voce/de-tempero-a-limpeza-conheca-todas-as-utilidades-do-limao.ghtml">fruta auxilia na limpeza na doméstica</a>, a temperar a comida, é a estrela principal da&nbsp;<a href="https://receitas.globo.com/receitas-da-tv/bem-juntinhos/caipirinha-de-limao-gnt.ghtml">caipirinha</a>&nbsp;e também pode dar um toque especial em receitas doces e salgadas. O&nbsp;<strong>Receitas</strong>&nbsp;separou 10 sugestões de pratos com limão para aproveitar a fruta. Confira!</p>



<h2 class="wp-block-heading">Receitas salgadas com limão</h2>



<p><strong>Risoto de limão</strong></p>



<p>Para quem gosta de risoto, que tal experimentar essa versão com limão-siciliano da Rita Lobo? O resultado é um prato bem cremoso que vai agradar a todos os paladares.</p><p>The post <a href="/receitas-com-limao-10-opcoes-salgadas-e-doces-com-a-fruta/">Receitas com limão: 10 opções salgadas e doces com a fruta</a> first appeared on <a href="/">FoodCraft</a>.</p>]]></content:encoded>
					
					<wfw:commentRss>/receitas-com-limao-10-opcoes-salgadas-e-doces-com-a-fruta/feed/</wfw:commentRss>
			<slash:comments>0</slash:comments>
		
		
			</item>
		<item>
		<title>Como usar as nozes nos doces? Confeiteiros ensinam truques</title>
		<link>/como-usar-as-nozes-nos-doces-confeiteiros-ensinam-truques/?utm_source=rss#038;utm_medium=rss&#038;utm_campaign=como-usar-as-nozes-nos-doces-confeiteiros-ensinam-truques</link>
					<comments>/como-usar-as-nozes-nos-doces-confeiteiros-ensinam-truques/#respond</comments>
		
		<dc:creator><![CDATA[CraftFood]]></dc:creator>
		<pubDate>Sun, 05 May 2024 06:14:07 +0000</pubDate>
				<category><![CDATA[Artigos]]></category>
		<category><![CDATA[Cereais]]></category>
		<guid isPermaLink="false">/?p=6485</guid>

					<description><![CDATA[<p>Você sabe como usar as nozes no preparo de doces e sobremesas? Confeiteiros e jurados do Que Seja Doce ensinam a usar a oleaginosa nas receitas. Confira As nozes são capazes de deixar uma sobremesa com o sabor mais marcante e ainda melhor. Só que existem algumas dicas para&#160;usar as nozes nos doces de forma [&#8230;]</p>
<p>The post <a href="/como-usar-as-nozes-nos-doces-confeiteiros-ensinam-truques/">Como usar as nozes nos doces? Confeiteiros ensinam truques</a> first appeared on <a href="/">FoodCraft</a>.</p>]]></description>
										<content:encoded><![CDATA[<p>Você sabe como usar as nozes no preparo de doces e sobremesas? Confeiteiros e jurados do Que Seja Doce ensinam a usar a oleaginosa nas receitas. Confira</p>



<p>As nozes são capazes de deixar uma sobremesa com o sabor mais marcante e ainda melhor. Só que existem algumas dicas para&nbsp;<strong>usar as nozes nos doces de forma correta e deixar o ingrediente no ponto certo</strong>.</p>



<p>Durante a décima temporada do&nbsp;<a href="https://receitas.globo.com/receitas-da-tv/que-seja-doce/">Que Seja Doce</a>,&nbsp;<strong>Carole Crema</strong>,&nbsp;<strong>Lucas Corazza</strong>&nbsp;e<strong>&nbsp;Michele Crispim</strong>, os jurados do programa, ensinaram truques para preparar as nozes e acentuar o sabor do ingrediente em uma sobremesa. Confira!</p>



<figure class="wp-block-image"><img decoding="async" src="https://s2-receitas.glbimg.com/7piZZWd0bJjtJQGrt4riP8nzyFU=/0x0:1200x675/984x0/smart/filters:strip_icc()/i.s3.glbimg.com/v1/AUTH_1f540e0b94d8437dbbc39d567a1dee68/internal_photos/bs/2024/Q/V/3BlQl2Qy2BBpnGWAduoA/camafeu-de-nozes-da-palmirinha.jpg" alt="Camafeu de nozes da Palmirinha — Foto: Ana Maria Braga"/></figure>



<p>Camafeu de nozes da Palmirinha — Foto: Ana Maria Braga</p>



<ul>
<li><strong>Torrar as nozes antes de incorporá-las em um doce </strong>é uma técnica que deve ser usada com oleaginosas em geral, como as castanhas e o pistache. Nesse processo, o calor solta os óleos das oleaginosas. Assim, a textura dela fica mais crocante e a cor e o sabor natural mais realçados.</li>



<li>As nozes gostam de calor. <strong>Cozinhá-las ou assá-las em um bolo ou torta</strong> também vão intensificar o gosto do ingrediente.</li>



<li>E se você gosta de usar nozes e frutas na mesma receita, cuidado com a mistura. A noz não combina muito com cítricos. <strong>Prefira damascos, ameixas e uvas-passas, as frutas secas em geral</strong>.</li>
</ul><p>The post <a href="/como-usar-as-nozes-nos-doces-confeiteiros-ensinam-truques/">Como usar as nozes nos doces? Confeiteiros ensinam truques</a> first appeared on <a href="/">FoodCraft</a>.</p>]]></content:encoded>
					
					<wfw:commentRss>/como-usar-as-nozes-nos-doces-confeiteiros-ensinam-truques/feed/</wfw:commentRss>
			<slash:comments>0</slash:comments>
		
		
			</item>
		<item>
		<title>Macarrão: veja tipos, como cozinhar, qual é o ponto certo e mais dicas</title>
		<link>/macarrao-veja-tipos-como-cozinhar-qual-e-o-ponto-certo-e-mais-dicas/?utm_source=rss#038;utm_medium=rss&#038;utm_campaign=macarrao-veja-tipos-como-cozinhar-qual-e-o-ponto-certo-e-mais-dicas</link>
					<comments>/macarrao-veja-tipos-como-cozinhar-qual-e-o-ponto-certo-e-mais-dicas/#respond</comments>
		
		<dc:creator><![CDATA[CraftFood]]></dc:creator>
		<pubDate>Sun, 05 May 2024 06:14:03 +0000</pubDate>
				<category><![CDATA[Artigos]]></category>
		<guid isPermaLink="false">/?p=6486</guid>

					<description><![CDATA[<p>Confira dicas simples sobre macarrão: tipos, como cozinhar, qual é o ponto certo, saiba se deve colocar óleo ou não na água e mais. Adora macarrão, mas acaba errando ao fazer? Não precisa se desesperar: com as dicas certeiras da chef Fernanda Quatrocchi, você vai arrasar nas suas&#160;receitas com macarrão! Confira! Tipos de macarrão Como [&#8230;]</p>
<p>The post <a href="/macarrao-veja-tipos-como-cozinhar-qual-e-o-ponto-certo-e-mais-dicas/">Macarrão: veja tipos, como cozinhar, qual é o ponto certo e mais dicas</a> first appeared on <a href="/">FoodCraft</a>.</p>]]></description>
										<content:encoded><![CDATA[<p>Confira dicas simples sobre macarrão: tipos, como cozinhar, qual é o ponto certo, saiba se deve colocar óleo ou não na água e mais.</p>



<p>Adora macarrão, mas acaba errando ao fazer? Não precisa se desesperar: com as dicas certeiras da chef Fernanda Quatrocchi, você vai arrasar nas suas&nbsp;<a href="https://receitas.globo.com/tipos-de-prato/macarrao/">receitas com macarrão</a>! Confira!</p>



<h2 class="wp-block-heading">Tipos de macarrão</h2>



<ul>
<li><strong>Massas longas: </strong>espaguete, linguine, talharim, pappardelle.</li>



<li><strong>Massas curtas</strong>: gravatinha, parafuso, anellini.</li>
</ul>



<h2 class="wp-block-heading">Como cozinhar macarrão</h2>



<ul>
<li><strong>Proporção dos ingredientes</strong>: 5 litros de água, 1 colher de sopa de sal e 500 gramas de macarrão.</li>



<li><strong>Óleo ou azeite na água:</strong> nenhum dos dois! Só utilize água e sal para cozinhar.</li>



<li><strong>Pode quebrar a massa longa</strong>: melhor não! Ela foi feita para ser consumida inteira. Confira o vídeo para saber como fazer.</li>



<li><strong>O ponto certo:</strong> a massa precisa estar firme quando mordida ou cortada, no ponto al dente. Ela não deve ficar molenga ou dura demais.</li>



<li><strong>Dica para desgrudar macarrão:</strong> fez errado e a massa grudou? É possível salvar! Ferva água, coloque o macarrão, mexa e retire logo em seguida.</li>
</ul>



<figure class="wp-block-image"><img decoding="async" src="https://s2-receitas.glbimg.com/TeNyqdrbpr0KfL4LrcbnltW10sI=/0x0:1200x675/984x0/smart/filters:strip_icc()/i.s3.glbimg.com/v1/AUTH_1f540e0b94d8437dbbc39d567a1dee68/internal_photos/bs/2024/k/I/cNwfnSS2eG4vg9e4xDhQ/macarrao-dicas.jpg" alt="Macarrão: veja tipos, como cozinhar, qual é o ponto certo e mais dicas — Foto: Receitas"/></figure>



<p>Macarrão: veja tipos, como cozinhar, qual é o ponto certo e mais dicas — Foto: Receitas</p><p>The post <a href="/macarrao-veja-tipos-como-cozinhar-qual-e-o-ponto-certo-e-mais-dicas/">Macarrão: veja tipos, como cozinhar, qual é o ponto certo e mais dicas</a> first appeared on <a href="/">FoodCraft</a>.</p>]]></content:encoded>
					
					<wfw:commentRss>/macarrao-veja-tipos-como-cozinhar-qual-e-o-ponto-certo-e-mais-dicas/feed/</wfw:commentRss>
			<slash:comments>0</slash:comments>
		
		
			</item>
		<item>
		<title>Por que a pimenta arde? Entenda a ciência por trás da picância</title>
		<link>/por-que-a-pimenta-arde-entenda/?utm_source=rss#038;utm_medium=rss&#038;utm_campaign=por-que-a-pimenta-arde-entenda</link>
					<comments>/por-que-a-pimenta-arde-entenda/#respond</comments>
		
		<dc:creator><![CDATA[CraftFood]]></dc:creator>
		<pubDate>Wed, 11 Oct 2023 18:12:45 +0000</pubDate>
				<category><![CDATA[Artigos]]></category>
		<category><![CDATA[Artigo]]></category>
		<category><![CDATA[Pimenta]]></category>
		<guid isPermaLink="false">/?p=304</guid>

					<description><![CDATA[<p>Você já se perguntou por que a pimenta arde tanto? Muito além de um simples tempero, as pimentas possuem uma substância química chamada capsaicina, que é a chave para essa sensação de fogo. Neste artigo, exploraremos a ciência por trás da picância das pimentas, seus benefícios para a saúde e até como você pode usá-las [&#8230;]</p>
<p>The post <a href="/por-que-a-pimenta-arde-entenda/">Por que a pimenta arde? Entenda a ciência por trás da picância</a> first appeared on <a href="/">FoodCraft</a>.</p>]]></description>
										<content:encoded><![CDATA[<p><strong>Você já se perguntou por que a pimenta arde tanto?</strong> Muito além de um simples tempero, as pimentas possuem uma substância química chamada capsaicina, que é a chave para essa sensação de fogo. Neste artigo, exploraremos a ciência por trás da picância das pimentas, seus benefícios para a saúde e até como você pode usá-las em suas receitas para mais do que apenas adicionar calor.</p>



<h2 class="wp-block-heading has-medium-font-size"><strong>Por que a pimenta arde?</strong></h2>



<p>A ardência das pimentas vem da capsaicina, um composto químico que se liga aos receptores de dor na pele e nas mucosas. Esses receptores, conhecidos como receptores TRPV1, normalmente respondem ao calor extremo e à dor, fazendo com que a ingestão de pimenta provoque uma sensação de queimação. Interessante notar que a capsaicina é inofensiva em termos de causar danos reais, seu efeito é puramente sensorial.</p>



<h2 class="wp-block-heading has-medium-font-size"><strong>Como a Capsaicina funciona?</strong></h2>



<p>Quando consumida, a capsaicina ativa os receptores TRPV1 nas células da boca e da língua, simulando a sensação de queimar. O corpo reage à capsaicina liberando várias substâncias químicas, uma das quais é a endorfina, conhecida como o hormônio do bem-estar, que é uma razão pela qual algumas pessoas são &#8216;viciadas&#8217; em alimentos picantes.</p>



<p>Além de seu uso culinário, a capsaicina é conhecida por seus múltiplos benefícios à saúde, incluindo propriedades anti-inflamatórias e antioxidantes. Estudos sugerem que ela pode ajudar na perda de peso, melhorar a saúde cardiovascular, e até mesmo reduzir o risco de câncer.</p>



<p>Pimentas podem ser incorporadas em diversas receitas para adicionar tanto sabor quanto benefícios à saúde. Desde molhos picantes até pratos principais e até sobremesas, a pimenta pode ser um complemento versátil na cozinha.</p>



<p id="pimentaarde">Se você exagerar na pimenta, há várias maneiras de mitigar a sensação de ardor:</p>



<ul>
<li>Consuma laticínios, como leite ou iogurte, que contêm caseína, capaz de quebrar a capsaicina.</li>



<li>Coma arroz ou pão, que podem absorver parte da capsaicina.</li>



<li>Evite água, pois ela pode espalhar a capsaicina ao invés de aliviar a ardência.</li>
</ul>



<p><br><strong>Conclusão</strong>: as pimentas são fascinantes não apenas por sua capacidade de adicionar calor e profundidade aos pratos, mas também pelos seus efeitos intrigantes sobre nosso sistema sensorial e benefícios para a saúde. Entender a ciência por trás da ardência pode aumentar sua apreciação e uso desses poderosos frutos.</p>



<p><strong>Você ama ou odeia comidas picantes? Conte-nos sua experiência com a pimenta nos comentários abaixo e não esqueça de compartilhar este artigo com amigos que adoram um desafio picante!</strong></p><p>The post <a href="/por-que-a-pimenta-arde-entenda/">Por que a pimenta arde? Entenda a ciência por trás da picância</a> first appeared on <a href="/">FoodCraft</a>.</p>]]></content:encoded>
					
					<wfw:commentRss>/por-que-a-pimenta-arde-entenda/feed/</wfw:commentRss>
			<slash:comments>0</slash:comments>
		
		
			</item>
	</channel>
</rss>
