<?xml version="1.0" encoding="UTF-8"?><rss version="2.0"
	xmlns:content="http://purl.org/rss/1.0/modules/content/"
	xmlns:dc="http://purl.org/dc/elements/1.1/"
	xmlns:atom="http://www.w3.org/2005/Atom"
	xmlns:sy="http://purl.org/rss/1.0/modules/syndication/"
	
	>
<channel>
	<title>
	Comentários sobre: Comer alho em jejum ajuda a emagrecer? Especialista explica os benefícios e riscos	</title>
	<atom:link href="/comer-alho-em-jejum-ajuda-a-emagrecer-especialista-explica-os-beneficios-e-riscos/feed/" rel="self" type="application/rss+xml" />
	<link>/comer-alho-em-jejum-ajuda-a-emagrecer-especialista-explica-os-beneficios-e-riscos/?utm_source=rss#038;utm_medium=rss&#038;utm_campaign=comer-alho-em-jejum-ajuda-a-emagrecer-especialista-explica-os-beneficios-e-riscos</link>
	<description>Receitas pra você!</description>
	<lastBuildDate>Sun, 05 May 2024 06:25:52 +0000</lastBuildDate>
	<sy:updatePeriod>
	hourly	</sy:updatePeriod>
	<sy:updateFrequency>
	1	</sy:updateFrequency>
	<generator>https://wordpress.org/?v=6.5.3</generator>
</channel>
</rss>
