<?xml version="1.0" encoding="UTF-8"?><rss version="2.0"
	xmlns:content="http://purl.org/rss/1.0/modules/content/"
	xmlns:dc="http://purl.org/dc/elements/1.1/"
	xmlns:atom="http://www.w3.org/2005/Atom"
	xmlns:sy="http://purl.org/rss/1.0/modules/syndication/"
	
	>
<channel>
	<title>
	Comentários sobre: Psyllium: saiba o que é, para que serve e como consumir	</title>
	<atom:link href="/psyllium-saiba-o-que-e-para-que-serve-e-como-consumir/feed/" rel="self" type="application/rss+xml" />
	<link>/psyllium-saiba-o-que-e-para-que-serve-e-como-consumir/?utm_source=rss#038;utm_medium=rss&#038;utm_campaign=psyllium-saiba-o-que-e-para-que-serve-e-como-consumir</link>
	<description>Receitas pra você!</description>
	<lastBuildDate>Sun, 05 May 2024 07:05:25 +0000</lastBuildDate>
	<sy:updatePeriod>
	hourly	</sy:updatePeriod>
	<sy:updateFrequency>
	1	</sy:updateFrequency>
	<generator>https://wordpress.org/?v=6.5.3</generator>
</channel>
</rss>
