<?xml version="1.0" encoding="UTF-8"?><rss version="2.0"
	xmlns:content="http://purl.org/rss/1.0/modules/content/"
	xmlns:wfw="http://wellformedweb.org/CommentAPI/"
	xmlns:dc="http://purl.org/dc/elements/1.1/"
	xmlns:atom="http://www.w3.org/2005/Atom"
	xmlns:sy="http://purl.org/rss/1.0/modules/syndication/"
	xmlns:slash="http://purl.org/rss/1.0/modules/slash/"
	>

<channel>
	<title>Almoço - FoodCraft</title>
	<atom:link href="/categorias-de-receitas/almoco/feed/" rel="self" type="application/rss+xml" />
	<link>/</link>
	<description>Receitas pra você!</description>
	<lastBuildDate>Sun, 05 May 2024 21:37:33 +0000</lastBuildDate>
	<language>pt-BR</language>
	<sy:updatePeriod>
	hourly	</sy:updatePeriod>
	<sy:updateFrequency>
	1	</sy:updateFrequency>
	<generator>https://wordpress.org/?v=6.5.3</generator>

<image>
	<url>/wp-content/uploads/2024/05/Craftfood-logo-favcon.svg</url>
	<title>Almoço - FoodCraft</title>
	<link>/</link>
	<width>32</width>
	<height>32</height>
</image> 
	<item>
		<title>Cuscuz no micro-ondas</title>
		<link>/receitas/cuscuz-no-micro-ondas-5/?utm_source=rss#038;utm_medium=rss&#038;utm_campaign=cuscuz-no-micro-ondas-5</link>
		
		<dc:creator><![CDATA[CraftFood]]></dc:creator>
		<pubDate>Sun, 05 May 2024 21:32:09 +0000</pubDate>
				<guid isPermaLink="false">/?post_type=receitas#038;p=7090</guid>

					<description><![CDATA[]]></description>
										<content:encoded><![CDATA[]]></content:encoded>
					
		
		
			</item>
		<item>
		<title>Sorvete de Banana</title>
		<link>/receitas/sorvete-de-banana/?utm_source=rss#038;utm_medium=rss&#038;utm_campaign=sorvete-de-banana</link>
		
		<dc:creator><![CDATA[CraftFood]]></dc:creator>
		<pubDate>Mon, 29 Apr 2024 13:40:45 +0000</pubDate>
				<guid isPermaLink="false">/?post_type=receitas#038;p=6304</guid>

					<description><![CDATA[]]></description>
										<content:encoded><![CDATA[]]></content:encoded>
					
		
		
			</item>
	</channel>
</rss>
