<?xml version="1.0" encoding="UTF-8"?><rss version="2.0"
	xmlns:content="http://purl.org/rss/1.0/modules/content/"
	xmlns:dc="http://purl.org/dc/elements/1.1/"
	xmlns:atom="http://www.w3.org/2005/Atom"
	xmlns:sy="http://purl.org/rss/1.0/modules/syndication/"
	
	>
<channel>
	<title>
	Comentários sobre: Como usar as nozes nos doces? Confeiteiros ensinam truques	</title>
	<atom:link href="/como-usar-as-nozes-nos-doces-confeiteiros-ensinam-truques/feed/" rel="self" type="application/rss+xml" />
	<link>/como-usar-as-nozes-nos-doces-confeiteiros-ensinam-truques/?utm_source=rss#038;utm_medium=rss&#038;utm_campaign=como-usar-as-nozes-nos-doces-confeiteiros-ensinam-truques</link>
	<description>Receitas pra você!</description>
	<lastBuildDate>Sun, 05 May 2024 06:28:15 +0000</lastBuildDate>
	<sy:updatePeriod>
	hourly	</sy:updatePeriod>
	<sy:updateFrequency>
	1	</sy:updateFrequency>
	<generator>https://wordpress.org/?v=6.5.3</generator>
</channel>
</rss>
