<?xml version="1.0" encoding="UTF-8"?><rss version="2.0"
	xmlns:content="http://purl.org/rss/1.0/modules/content/"
	xmlns:wfw="http://wellformedweb.org/CommentAPI/"
	xmlns:dc="http://purl.org/dc/elements/1.1/"
	xmlns:atom="http://www.w3.org/2005/Atom"
	xmlns:sy="http://purl.org/rss/1.0/modules/syndication/"
	xmlns:slash="http://purl.org/rss/1.0/modules/slash/"
	>

<channel>
	<title>Cereais - FoodCraft</title>
	<atom:link href="/categoria/cereais/feed/" rel="self" type="application/rss+xml" />
	<link>/</link>
	<description>Receitas pra você!</description>
	<lastBuildDate>Sun, 05 May 2024 06:28:15 +0000</lastBuildDate>
	<language>pt-BR</language>
	<sy:updatePeriod>
	hourly	</sy:updatePeriod>
	<sy:updateFrequency>
	1	</sy:updateFrequency>
	<generator>https://wordpress.org/?v=6.5.3</generator>

<image>
	<url>/wp-content/uploads/2024/05/Craftfood-logo-favcon.svg</url>
	<title>Cereais - FoodCraft</title>
	<link>/</link>
	<width>32</width>
	<height>32</height>
</image> 
	<item>
		<title>Como usar as nozes nos doces? Confeiteiros ensinam truques</title>
		<link>/como-usar-as-nozes-nos-doces-confeiteiros-ensinam-truques/?utm_source=rss#038;utm_medium=rss&#038;utm_campaign=como-usar-as-nozes-nos-doces-confeiteiros-ensinam-truques</link>
					<comments>/como-usar-as-nozes-nos-doces-confeiteiros-ensinam-truques/#respond</comments>
		
		<dc:creator><![CDATA[CraftFood]]></dc:creator>
		<pubDate>Sun, 05 May 2024 06:14:07 +0000</pubDate>
				<category><![CDATA[Artigos]]></category>
		<category><![CDATA[Cereais]]></category>
		<guid isPermaLink="false">/?p=6485</guid>

					<description><![CDATA[<p>Você sabe como usar as nozes no preparo de doces e sobremesas? Confeiteiros e jurados do Que Seja Doce ensinam a usar a oleaginosa nas receitas. Confira As nozes são capazes de deixar uma sobremesa com o sabor mais marcante e ainda melhor. Só que existem algumas dicas para&#160;usar as nozes nos doces de forma [&#8230;]</p>
<p>The post <a href="/como-usar-as-nozes-nos-doces-confeiteiros-ensinam-truques/">Como usar as nozes nos doces? Confeiteiros ensinam truques</a> first appeared on <a href="/">FoodCraft</a>.</p>]]></description>
										<content:encoded><![CDATA[<p>Você sabe como usar as nozes no preparo de doces e sobremesas? Confeiteiros e jurados do Que Seja Doce ensinam a usar a oleaginosa nas receitas. Confira</p>



<p>As nozes são capazes de deixar uma sobremesa com o sabor mais marcante e ainda melhor. Só que existem algumas dicas para&nbsp;<strong>usar as nozes nos doces de forma correta e deixar o ingrediente no ponto certo</strong>.</p>



<p>Durante a décima temporada do&nbsp;<a href="https://receitas.globo.com/receitas-da-tv/que-seja-doce/">Que Seja Doce</a>,&nbsp;<strong>Carole Crema</strong>,&nbsp;<strong>Lucas Corazza</strong>&nbsp;e<strong>&nbsp;Michele Crispim</strong>, os jurados do programa, ensinaram truques para preparar as nozes e acentuar o sabor do ingrediente em uma sobremesa. Confira!</p>



<figure class="wp-block-image"><img decoding="async" src="https://s2-receitas.glbimg.com/7piZZWd0bJjtJQGrt4riP8nzyFU=/0x0:1200x675/984x0/smart/filters:strip_icc()/i.s3.glbimg.com/v1/AUTH_1f540e0b94d8437dbbc39d567a1dee68/internal_photos/bs/2024/Q/V/3BlQl2Qy2BBpnGWAduoA/camafeu-de-nozes-da-palmirinha.jpg" alt="Camafeu de nozes da Palmirinha — Foto: Ana Maria Braga"/></figure>



<p>Camafeu de nozes da Palmirinha — Foto: Ana Maria Braga</p>



<ul>
<li><strong>Torrar as nozes antes de incorporá-las em um doce </strong>é uma técnica que deve ser usada com oleaginosas em geral, como as castanhas e o pistache. Nesse processo, o calor solta os óleos das oleaginosas. Assim, a textura dela fica mais crocante e a cor e o sabor natural mais realçados.</li>



<li>As nozes gostam de calor. <strong>Cozinhá-las ou assá-las em um bolo ou torta</strong> também vão intensificar o gosto do ingrediente.</li>



<li>E se você gosta de usar nozes e frutas na mesma receita, cuidado com a mistura. A noz não combina muito com cítricos. <strong>Prefira damascos, ameixas e uvas-passas, as frutas secas em geral</strong>.</li>
</ul><p>The post <a href="/como-usar-as-nozes-nos-doces-confeiteiros-ensinam-truques/">Como usar as nozes nos doces? Confeiteiros ensinam truques</a> first appeared on <a href="/">FoodCraft</a>.</p>]]></content:encoded>
					
					<wfw:commentRss>/como-usar-as-nozes-nos-doces-confeiteiros-ensinam-truques/feed/</wfw:commentRss>
			<slash:comments>0</slash:comments>
		
		
			</item>
	</channel>
</rss>
